<coordinator-app name="${PROJECT_NAME}"	
                 frequency="${coord:days(1)}"	
                 start="${JOB_START}"	
                 end="${JOB_END}"	
                 timezone="Europe/Moscow"	
                 xmlns="uri:oozie:coordinator:0.4"	
                 xmlns:sla="uri:oozie:sla:0.2">	
    <controls>
		<timeout>2880</timeout>
    </controls>
	
	<datasets>
        <dataset name="dataset_json" frequency="${coord:days(1)}"
                 initial-instance="2015-01-01T09:02Z" timezone="Europe/Moscow">
            <uri-template>${HDFS_JSON_PATH}/${YEAR}${MONTH}${DAY}</uri-template>
			<done-flag></done-flag>
        </dataset>
    </datasets>
    <input-events>
        <data-in name="input_json" dataset="dataset_json">
            <instance>${coord:current(-1)}</instance>
        </data-in>
    </input-events>
	
	<action>	
        <workflow> 	
        <app-path>${WF_APPLICATION_PATH}</app-path> 	
        <configuration>	
                <property> 	
                    <name>DATE_1D</name> 	
                       <value>${coord:formatTime(coord:dateOffset(coord:nominalTime(), -1, 'DAY'), 'yyyyMMdd')}</value>
                </property>
        </configuration>	
        </workflow>	
		<sla:info>
			<sla:nominal-time>${coord:nominalTime()}</sla:nominal-time>
			<sla:should-start>${1 * DAYS}</sla:should-start>
			<sla:should-end>${2 * DAYS}</sla:should-end>
			<sla:max-duration>${3 * DAYS}</sla:max-duration>
			<sla:alert-events>start_miss,end_miss,duration_miss</sla:alert-events>
			<sla:alert-contact>${MAIL}</sla:alert-contact>
		</sla:info>
    </action>	
</coordinator-app>
