<workflow-app name="${PROJECT_NAME}" 
	xmlns="uri:oozie:workflow:0.4">
	<global>
        <job-tracker>${JOB_TRACKER}</job-tracker>
        <name-node>${NAME_NODE}</name-node>
        <job-xml>${WF_APPLICATION_PATH}/hive-site.xml</job-xml>
        <configuration>
            <property>
                <name>mapreduce.job.queuename</name>
                <value>${QUEUE_NAME}</value>
            </property>
            <property>
                <name>oozie.hive.defaults</name>
                <value>${WF_APPLICATION_PATH}/hive-site.xml</value>
            </property>
			<property>
                <name>oozie.launcher.mapreduce.map.memory.mb</name>
                <value>1536</value>
            </property>
            <property>
                <name>oozie.launcher.mapreduce.job.ubertask.enable</name>
                <value>true</value>
            </property>
            <property>
                <name>oozie.launcher.yarn.app.mapreduce.am.resource.mb</name>
                <value>6144</value>
            </property>
        </configuration>
    </global>
	
	<credentials>
        <credential name="hive_cred" type="hcat">
            <property>
                <name>hcat.metastore.uri</name>
                <value>${HCAT_URI}</value>
            </property>
            <property>
                <name>hcat.metastore.principal</name>
                <value>${KRB_PRINCIPAL}</value>
            </property>
        </credential>
    </credentials>
	
	<start to="agg_dpc"/>
	
	<action name="agg_dpc" cred="hive_cred">
		<spark xmlns="uri:oozie:spark-action:0.1">
			<job-tracker>${JOB_TRACKER}</job-tracker>
			<name-node>${NAME_NODE}</name-node>
			<master>yarn</master>
			<mode>cluster</mode>
			<name>AGG_DPC</name>
			<class>${MAIN_CLASS}</class>
			<jar>${JAR_PATH}</jar>
			<spark-opts>${SPARK_OPTS} --queue ${QUEUE_NAME}</spark-opts>
			<arg>TIME_KEY=${DATE_1D}</arg>
			<arg>PROJECT_NAME=${PROJECT_NAME}</arg>
			<arg>HDFS_JSON_PATH=${HDFS_JSON_PATH}</arg>
			<arg>HDFS_OUTPUT_DIR=${OUTPUT_DIR}</arg>
		</spark>
		<ok to="alter_create_agg_product"/>
		<error to="kill"/>
	</action>
	
	<action name="alter_create_agg_product" cred="hv_cred">
        <hive xmlns="uri:oozie:hive-action:0.2">
            <job-tracker>${JOB_TRACKER}</job-tracker>
            <name-node>${NAME_NODE}</name-node>
            <job-xml>${WORKING_DIR}/hive-config.xml</job-xml>
            <configuration>
                <property>
                    <name>mapreduce.job.queuename</name>
                    <value>${QUEUE_NAME}</value>
                </property>
                <property>
                    <name>oozie.hive.defaults</name>
                    <value>hive-config.xml</value>
                </property>
            </configuration>
            <script>${WORK_DIR}/hive/alter_create_agg_product.q</script>
            <param>DIGITAL=${DIGITAL}</param>
			<param>TIME_KEY=${DATE_1D}</param>
            <param>INPUT_DIR=${OUTPUT_DIR}/product/${DATE_1D}</param>
        </hive>
        <ok to="alter_create_agg_marketing_product"/>
        <error to="kill"/>
    </action>
	
	<action name="alter_create_agg_marketing_product" cred="hv_cred">
        <hive xmlns="uri:oozie:hive-action:0.2">
            <job-tracker>${JOB_TRACKER}</job-tracker>
            <name-node>${NAME_NODE}</name-node>
            <job-xml>${WORKING_DIR}/hive-config.xml</job-xml>
            <configuration>
                <property>
                    <name>mapreduce.job.queuename</name>
                    <value>${QUEUE_NAME}</value>
                </property>
                <property>
                    <name>oozie.hive.defaults</name>
                    <value>hive-config.xml</value>
                </property>
            </configuration>
            <script>${WORK_DIR}/hive/alter_create_agg_marketing_product.q</script>
            <param>DIGITAL=${DIGITAL}</param>
			<param>TIME_KEY=${DATE_1D}</param>
            <param>INPUT_DIR=${OUTPUT_DIR}/marketingProduct/${DATE_1D}</param>
        </hive>
        <ok to="alter_create_agg_web_entity"/>
        <error to="kill"/>
    </action>
	
		<action name="alter_create_agg_web_entity" cred="hv_cred">
        <hive xmlns="uri:oozie:hive-action:0.2">
            <job-tracker>${JOB_TRACKER}</job-tracker>
            <name-node>${NAME_NODE}</name-node>
            <job-xml>${WORKING_DIR}/hive-config.xml</job-xml>
            <configuration>
                <property>
                    <name>mapreduce.job.queuename</name>
                    <value>${QUEUE_NAME}</value>
                </property>
                <property>
                    <name>oozie.hive.defaults</name>
                    <value>hive-config.xml</value>
                </property>
            </configuration>
            <script>${WORK_DIR}/hive/alter_create_agg_web_entity.q</script>
            <param>DIGITAL=${DIGITAL}</param>
			<param>TIME_KEY=${DATE_1D}</param>
            <param>INPUT_DIR=${OUTPUT_DIR}/webEntity/${DATE_1D}</param>
        </hive>
        <ok to="alter_create_agg_product_region_link"/>
        <error to="kill"/>
    </action>
	
		<action name="alter_create_agg_product_region_link" cred="hv_cred">
        <hive xmlns="uri:oozie:hive-action:0.2">
            <job-tracker>${JOB_TRACKER}</job-tracker>
            <name-node>${NAME_NODE}</name-node>
            <job-xml>${WORKING_DIR}/hive-config.xml</job-xml>
            <configuration>
                <property>
                    <name>mapreduce.job.queuename</name>
                    <value>${QUEUE_NAME}</value>
                </property>
                <property>
                    <name>oozie.hive.defaults</name>
                    <value>hive-config.xml</value>
                </property>
            </configuration>
            <script>${WORK_DIR}/hive/alter_create_agg_product_region_link.q</script>
            <param>DIGITAL=${DIGITAL}</param>
			<param>TIME_KEY=${DATE_1D}</param>
            <param>INPUT_DIR=${OUTPUT_DIR}/productRegionLink/${DATE_1D}</param>
        </hive>
        <ok to="alter_create_agg_region"/>
        <error to="kill"/>
    </action>
	
	<action name="alter_create_agg_region" cred="hv_cred">
        <hive xmlns="uri:oozie:hive-action:0.2">
            <job-tracker>${JOB_TRACKER}</job-tracker>
            <name-node>${NAME_NODE}</name-node>
            <job-xml>${WORKING_DIR}/hive-config.xml</job-xml>
            <configuration>
                <property>
                    <name>mapreduce.job.queuename</name>
                    <value>${QUEUE_NAME}</value>
                </property>
                <property>
                    <name>oozie.hive.defaults</name>
                    <value>hive-config.xml</value>
                </property>
            </configuration>
            <script>${WORK_DIR}/hive/alter_create_agg_region.q</script>
            <param>DIGITAL=${DIGITAL}</param>
			<param>TIME_KEY=${DATE_1D}</param>
            <param>INPUT_DIR=${OUTPUT_DIR}/region/${DATE_1D}</param>
        </hive>
        <ok to="alter_create_agg_external_region_mapping"/>
        <error to="kill"/>
    </action>
	
	<action name="alter_create_agg_external_region_mapping" cred="hv_cred">
        <hive xmlns="uri:oozie:hive-action:0.2">
            <job-tracker>${JOB_TRACKER}</job-tracker>
            <name-node>${NAME_NODE}</name-node>
            <job-xml>${WORKING_DIR}/hive-config.xml</job-xml>
            <configuration>
                <property>
                    <name>mapreduce.job.queuename</name>
                    <value>${QUEUE_NAME}</value>
                </property>
                <property>
                    <name>oozie.hive.defaults</name>
                    <value>hive-config.xml</value>
                </property>
            </configuration>
            <script>${WORK_DIR}/hive/alter_create_agg_external_region_mapping.q</script>
            <param>DIGITAL=${DIGITAL}</param>
			<param>TIME_KEY=${DATE_1D}</param>
            <param>INPUT_DIR=${OUTPUT_DIR}/externalRegionMapping/${DATE_1D}</param>
        </hive>
        <ok to="end"/>
        <error to="kill"/>
    </action>

    <kill name="kill">
        <message>Action failed, error message[${wf:errorMessage(wf:lastErrorNode())}]</message>
    </kill>

    <end name="end"/>

</workflow-app>